duration,protocol,service,flag,src_bytes,dst_bytes,land,wrong_frag,urgent,count,serror_rate,dst_host_same_srv_rate,label
30,ICMP,echo,SF,0,0,0,0,2,4,0.51,0.79,probe
20,UDP,eco_i,SF,1110,705,0,3,1,5,0.28,0.65,normal
15,UDP,dns,SF,1194,1157,0,1,2,35,0.33,0.8,normal
20,ICMP,echo,SF,0,0,0,1,3,20,0.73,0.82,probe
15,ICMP,echo,SF,0,0,0,0,0,1,0.05,0.66,probe
10,UDP,dns,SF,1759,831,0,1,2,11,0.44,0.7,normal
0,TCP,http,SF,1397,1073,0,2,2,6,0.42,0.37,normal
5,UDP,dns,SF,906,1314,0,3,1,1,0.63,0.32,normal
0,TCP,http,SF,1195,75,0,3,0,5,0.16,0.8,normal
1,UDP,dns,SF,412,35,0,0,0,17,0.45,0.78,normal
5,UDP,ntp_u,SF,1031,1183,0,0,0,6,0.56,0.68,normal
5,ICMP,echo,SF,0,0,0,1,3,0,0.2,0.66,probe
120,TCP,http,SF,750,1530,0,3,0,41,0.46,0.56,normal
20,TCP,http,SF,1259,766,0,0,1,1,0.28,0.68,normal
15,TCP,http,SF,919,1386,0,0,0,2,0.16,0.91,normal
0,UDP,dns,SF,994,1300,0,2,1,26,0.23,0.64,normal
20,UDP,ntp_u,SF,628,1749,0,1,2,5,0.57,0.72,normal
30,TCP,smtp,SF,1369,1735,0,0,3,23,0.46,0.74,normal
10,TCP,smtp,SF,580,2599,0,0,2,9,0.18,0.67,normal
0,TCP,http,SF,505,2764,0,3,2,38,0.12,0.42,normal
5,TCP,http,SF,745,541,0,1,1,9,0.24,0.44,normal
0,UDP,dns,SF,1189,949,0,1,3,23,0.1,0.82,normal
0,TCP,http,SF,954,1015,0,2,3,41,0.24,0.81,normal
10,ICMP,echo,SF,0,0,0,3,3,16,0.31,0.87,probe
5,TCP,ftp,SF,814,1582,0,3,3,14,0.89,0.67,r2l
0,ICMP,echo,SF,0,0,0,3,2,5,0.3,0.93,probe
1,TCP,http,SF,319,1787,0,0,0,6,0.16,0.83,normal
15,UDP,dns,SF,573,1519,0,0,2,5,0.3,0.8,normal
15,TCP,telnet,REJ,1553,1179,0,1,3,1,0.56,0.34,dos
60,TCP,http,SF,0,1656,0,3,1,13,0.13,0.44,normal
60,UDP,dns,SF,1217,630,0,0,3,20,0.24,0.75,normal
10,UDP,eco_i,SF,957,683,0,3,3,0,0.7,0.69,normal
10,UDP,ntp_u,SF,1235,790,0,3,2,14,0.45,0.96,normal
5,TCP,http,SF,678,1383,0,2,3,36,0.26,0.93,normal
20,ICMP,echo,SF,0,0,0,0,3,3,0.08,0.88,probe
0,UDP,eco_i,SF,1076,1752,0,0,1,7,0.29,0.87,normal
15,ICMP,echo,SF,0,0,0,2,2,43,0.11,0.46,probe
20,UDP,eco_i,SF,1215,896,0,0,1,51,0.51,0.9,normal
5,ICMP,echo,SF,0,0,0,1,1,7,0.29,0.89,probe
0,TCP,http,SF,1327,2096,0,3,1,124,0.14,0.77,normal
10,UDP,dns,SF,298,1651,0,3,3,4,0.41,0.87,normal
20,TCP,ftp,SF,1137,1790,0,0,2,0,0.05,0.48,r2l
30,TCP,http,SF,268,1349,0,0,3,99,0.27,0.94,normal
0,UDP,ntp_u,SF,844,994,0,1,2,11,0.35,0.72,normal
2,TCP,http,SF,1061,1454,0,3,3,10,0.21,0.92,normal
10,TCP,telnet,SF,1445,1430,0,1,3,1,0.54,0.87,r2l
0,TCP,ftp,SF,1283,1216,0,3,0,12,0.24,0.87,r2l
1,UDP,ntp_u,SF,862,1054,0,0,3,2,0.08,0.47,normal
10,TCP,ftp,REJ,0,1542,0,0,0,101,0.4,0.53,dos
0,UDP,ntp_u,SF,1644,531,0,1,2,18,0.39,0.41,normal
0,TCP,http,SF,1510,2338,0,2,3,15,0.68,0.55,normal
120,UDP,ntp_u,SF,1467,1243,0,3,3,2,0.19,0.67,normal
15,TCP,ftp,SF,1197,1913,0,0,2,84,0.25,0.9,r2l
60,TCP,http,SF,818,979,0,3,2,3,0.24,0.67,normal
10,TCP,ftp,SF,1645,639,0,1,2,10,0.58,0.42,r2l
5,TCP,smtp,SF,447,1427,0,0,1,8,0.04,0.55,normal
0,TCP,http,SF,1404,1441,0,3,3,23,0.61,0.72,normal
5,TCP,smtp,SF,935,1385,0,1,0,34,0.28,0.91,normal
5,TCP,smtp,SF,820,1541,0,0,3,12,0.12,0.73,normal
60,TCP,smtp,REJ,1137,1573,0,1,0,10,0.64,0.9,dos
20,TCP,smtp,SF,1496,2228,0,1,3,20,0.2,0.58,normal
20,TCP,http,SF,828,1461,0,1,3,28,0.44,0.41,normal
1,TCP,smtp,REJ,1140,1647,0,2,2,15,0.3,0.77,dos
20,ICMP,echo,SF,0,0,0,0,2,5,0.47,0.77,probe
10,ICMP,echo,SF,0,0,0,2,0,10,0.14,0.85,probe
5,TCP,http,REJ,803,3109,0,2,0,6,0.09,0.95,dos
120,TCP,smtp,SF,1562,2002,0,0,3,1,0.42,0.83,normal
1,UDP,dns,SF,279,906,0,2,3,8,0.31,0.81,normal
0,TCP,http,SF,1658,1933,0,3,2,1,0.19,0.7,normal
60,ICMP,echo,SF,0,0,0,3,3,33,0.3,0.55,probe
20,ICMP,echo,SF,0,0,0,0,3,7,0.26,0.87,probe
0,UDP,dns,SF,277,948,0,0,0,2,0.29,0.95,normal
120,TCP,smtp,REJ,792,1825,0,0,2,57,0.39,0.44,dos
20,TCP,http,REJ,1048,2052,0,1,3,8,0.45,0.37,dos
0,ICMP,echo,SF,0,0,0,0,0,33,0.39,0.77,probe
0,TCP,http,SF,1051,2071,0,0,0,64,0.18,0.86,normal
5,TCP,ftp,SF,1047,2332,0,1,2,41,0.04,0.89,r2l
15,TCP,ftp,SF,447,2222,0,3,0,7,0.38,0.81,r2l
20,TCP,telnet,SF,1009,1430,0,3,3,17,0.45,0.71,r2l
5,TCP,http,SF,319,1828,0,1,2,7,0.23,0.52,normal
120,TCP,http,SF,1350,1363,0,3,3,36,0.26,0.81,normal
0,UDP,eco_i,SF,1690,1035,0,3,3,11,0.25,0.82,normal
10,TCP,ftp,SF,773,396,0,0,0,8,0.08,0.87,r2l
15,TCP,http,SF,1372,1749,0,3,1,10,0.49,0.93,normal
0,UDP,dns,SF,519,1215,0,0,0,0,0.14,0.62,normal
0,UDP,ntp_u,SF,1338,340,0,0,2,20,0.28,0.67,normal
10,TCP,http,SF,100,1566,0,2,3,2,0.1,0.48,normal
15,TCP,http,REJ,0,1615,0,3,2,33,0.55,0.79,dos
0,TCP,http,S1,1674,1391,0,3,0,31,0.53,0.89,normal
15,TCP,http,S1,1141,1620,0,2,3,2,0.33,0.59,normal
20,ICMP,echo,SF,0,0,0,2,1,3,0.04,0.79,probe
10,TCP,http,SF,2138,1600,0,0,1,2,0.29,0.6,normal
2,UDP,ntp_u,SF,1591,1055,0,0,3,39,0.53,0.69,normal
5,ICMP,echo,SF,0,0,0,2,0,21,0.16,0.72,probe
0,TCP,http,SF,989,1913,0,3,0,1,0.13,0.61,normal
1,TCP,http,REJ,1823,1386,0,0,1,41,0.53,0.85,dos
120,ICMP,echo,SF,0,0,0,0,3,32,0.09,0.42,probe
5,UDP,dns,SF,1072,221,0,1,2,46,0.38,0.76,normal
15,TCP,smtp,SF,603,2109,0,0,2,16,0.14,0.75,normal
15,TCP,smtp,SF,1027,2097,0,3,1,32,0.28,0.85,normal
20,TCP,http,SF,878,1251,0,1,2,5,0.33,0.87,normal
10,TCP,ftp,REJ,0,981,0,3,2,35,0.3,0.77,dos
0,UDP,ntp_u,SF,1261,356,0,0,0,21,0.84,0.95,normal
20,UDP,eco_i,SF,1101,749,0,1,1,5,0.41,0.77,normal
120,TCP,smtp,REJ,1008,993,0,2,0,11,0.08,0.66,dos
120,TCP,http,S1,1712,593,0,0,0,11,0.34,0.69,normal
20,ICMP,echo,SF,0,0,0,1,1,25,0.44,0.84,probe
1,TCP,http,SF,1525,619,0,3,0,11,0.26,0.81,normal
0,UDP,dns,SF,1149,600,0,3,0,3,0.22,0.96,normal
20,UDP,ntp_u,SF,980,1572,0,3,0,6,0.63,0.55,normal
1,UDP,eco_i,SF,862,1022,0,1,1,36,0.17,0.83,normal
15,ICMP,echo,SF,0,0,0,0,0,4,0.7,0.84,probe
0,UDP,eco_i,SF,354,1060,0,3,0,8,0.45,0.81,normal
30,UDP,dns,SF,823,526,0,0,0,43,0.25,0.57,normal
60,TCP,http,REJ,755,1111,0,3,1,29,0.36,0.47,dos
20,UDP,dns,SF,216,1043,0,2,3,23,0.3,0.85,normal
30,UDP,ntp_u,SF,1129,459,0,0,2,1,0.18,0.67,normal
1,TCP,http,SF,295,1937,0,3,0,10,0.08,0.75,normal
0,UDP,dns,SF,117,974,0,1,2,2,0.33,0.67,normal
60,UDP,eco_i,SF,649,841,0,1,0,4,0.68,0.92,normal
60,ICMP,echo,SF,0,0,0,3,0,30,0.22,0.93,probe
10,TCP,http,SF,1705,1875,0,1,3,13,0.35,0.55,normal
30,TCP,ftp,SF,1070,1469,0,1,2,4,0.53,0.78,r2l
0,TCP,ftp,SF,510,1895,0,2,0,49,0.13,0.5,r2l
20,TCP,ftp,S1,0,1244,0,3,2,21,0.28,0.86,r2l
5,TCP,smtp,SF,1321,1628,0,1,0,3,0.17,0.65,normal
0,UDP,ntp_u,SF,1160,1442,0,3,0,17,0.19,0.89,normal
1,TCP,http,SF,421,0,0,0,1,8,0.27,0.79,normal
60,TCP,ftp,SF,1088,1755,0,2,0,19,0.39,0.61,r2l
1,TCP,smtp,SF,956,1732,0,2,2,4,0.06,0.91,normal
15,TCP,telnet,SF,1316,832,0,1,1,26,0.51,0.59,r2l
15,ICMP,echo,SF,0,0,0,3,3,18,0.36,0.67,probe
5,TCP,http,SF,676,1522,0,1,1,9,0.07,0.31,normal
5,TCP,smtp,REJ,1015,1182,0,0,2,6,0.32,0.38,dos
0,TCP,http,S1,1170,973,0,1,2,7,0.48,0.5,normal
1,TCP,http,SF,1688,1993,0,0,2,17,0.18,0.8,normal
30,TCP,telnet,REJ,597,1090,0,2,2,3,0.22,0.88,dos
1,TCP,http,S1,1114,1958,0,2,1,16,0.35,0.88,normal
10,TCP,ftp,REJ,340,2092,0,0,1,8,0.43,0.66,dos
1,TCP,ftp,REJ,1203,2027,0,0,0,4,0.21,0.58,dos
2,ICMP,echo,SF,0,0,0,2,2,36,0.16,0.75,probe
30,TCP,http,SF,749,1741,0,0,2,24,0.39,0.42,normal
120,UDP,ntp_u,SF,139,600,0,3,1,38,0.14,0.66,normal
120,ICMP,echo,SF,0,0,0,2,3,14,0.21,0.71,probe
15,TCP,telnet,REJ,918,1583,0,2,2,2,0.33,0.75,dos
1,TCP,ftp,SF,861,623,0,0,0,37,0.21,0.68,r2l
60,TCP,smtp,SF,839,1505,0,3,1,3,0.09,0.71,normal
120,TCP,http,REJ,690,917,0,3,2,30,0.58,0.68,dos
5,TCP,ftp,SF,794,1729,0,1,3,16,0.13,0.89,r2l
1,UDP,dns,SF,1566,1283,0,1,3,8,0.45,0.81,normal
20,UDP,ntp_u,SF,298,683,0,2,3,59,0.25,0.69,normal
60,TCP,http,SF,2252,813,0,2,1,5,0.19,0.96,normal
60,TCP,smtp,SF,555,1943,0,1,1,5,0.09,0.63,normal
0,UDP,ntp_u,SF,411,1095,0,1,0,82,0.36,0.95,normal
30,UDP,dns,SF,599,794,0,0,1,43,0.36,0.87,normal
2,TCP,http,SF,667,2237,0,2,2,6,0.44,0.54,normal
1,TCP,telnet,REJ,196,1100,0,2,1,90,0.63,0.82,dos
10,UDP,ntp_u,SF,739,1140,0,0,3,31,0.3,0.76,normal
10,TCP,smtp,REJ,1273,820,0,3,2,4,0.57,0.74,dos
20,TCP,http,SF,1396,1753,0,0,3,3,0.42,0.82,normal
15,UDP,dns,SF,934,617,0,1,2,1,0.25,0.87,normal
15,TCP,telnet,SF,893,1528,0,0,3,6,0.26,0.86,r2l
15,UDP,eco_i,SF,163,1080,0,0,3,7,0.05,0.93,normal
60,TCP,ftp,SF,392,2001,0,3,0,60,0.36,0.55,r2l
120,ICMP,echo,SF,0,0,0,2,2,32,0.25,0.58,probe
15,TCP,http,SF,1582,1229,0,3,2,32,0.09,0.7,normal
15,TCP,http,SF,1116,1439,0,0,0,22,0.3,0.75,normal
20,TCP,http,SF,730,1777,0,3,3,22,0.43,0.67,normal
0,UDP,eco_i,SF,676,1231,0,2,1,28,0.18,0.73,normal
20,TCP,http,S1,408,2007,0,1,0,51,0.02,0.67,normal
15,TCP,telnet,SF,1192,1280,0,2,1,37,0.11,0.46,r2l
0,UDP,dns,SF,570,620,0,0,1,18,0.05,0.95,normal
0,TCP,telnet,REJ,1171,1701,0,2,1,6,0.2,0.61,dos
1,TCP,http,SF,713,2151,0,3,2,26,0.11,0.89,normal
15,TCP,smtp,S1,1197,1892,0,3,2,1,0.32,0.7,normal
5,TCP,ftp,SF,1022,1764,0,3,3,31,0.68,0.96,r2l
15,UDP,eco_i,SF,482,1188,0,0,2,17,0.17,0.79,normal
20,UDP,ntp_u,SF,658,1324,0,2,1,1,0.03,0.89,normal
120,ICMP,echo,SF,0,0,0,3,0,9,0.14,0.89,probe
10,TCP,smtp,REJ,1271,1451,0,0,3,9,0.1,0.77,dos
20,ICMP,echo,SF,0,0,0,1,1,26,0.23,0.37,probe
5,UDP,ntp_u,SF,860,1027,0,1,0,13,0.27,0.67,normal
1,ICMP,echo,SF,0,0,0,0,3,3,0.4,0.58,probe
2,TCP,http,SF,1375,754,0,1,1,11,0.15,0.66,normal
5,UDP,eco_i,SF,1351,935,0,1,1,10,0.11,0.76,normal
1,TCP,http,REJ,1633,1495,0,2,2,16,0.3,0.77,dos
0,UDP,eco_i,SF,1418,1119,0,3,2,0,0.42,0.72,normal
0,TCP,telnet,SF,1526,1594,0,0,2,2,0.32,0.91,r2l
0,UDP,dns,SF,0,1091,0,0,3,4,0.34,0.82,normal
15,TCP,smtp,REJ,670,862,0,3,1,12,0.25,0.95,dos
20,UDP,eco_i,SF,599,717,0,2,2,20,0.48,0.81,normal
120,ICMP,echo,SF,0,0,0,1,2,0,0.86,0.93,probe
2,TCP,ftp,SF,729,1416,0,2,2,9,0.43,0.84,r2l
60,TCP,http,SF,643,1580,0,0,1,5,0.67,0.8,normal
1,UDP,ntp_u,SF,1055,1230,0,1,3,35,0.43,0.78,normal
5,UDP,dns,SF,359,187,0,1,1,1,0.27,0.94,normal
0,ICMP,echo,SF,0,0,0,1,2,20,0.32,0.76,probe
20,UDP,ntp_u,SF,1008,1387,0,1,3,7,0.24,0.82,normal
15,TCP,http,S1,1263,1396,0,3,2,3,0.12,0.49,normal
120,ICMP,echo,SF,0,0,0,2,3,8,0.47,0.85,probe
10,TCP,smtp,SF,1068,1708,0,2,0,6,0.52,0.73,normal
20,TCP,smtp,SF,713,1492,0,2,0,8,0.57,0.67,normal
5,TCP,ftp,SF,611,651,0,0,0,3,0.61,0.87,r2l
15,UDP,dns,SF,1178,407,0,3,2,8,0.05,0.8,normal
5,TCP,http,S1,1185,1164,0,0,2,13,0.25,0.72,normal
15,ICMP,echo,SF,0,0,0,3,2,4,0.58,0.61,probe
2,TCP,ftp,SF,1184,1963,0,3,2,3,0.14,0.65,r2l
2,UDP,eco_i,SF,1321,519,0,3,0,3,0.16,0.76,normal
120,TCP,telnet,SF,535,1893,0,0,0,48,0.45,0.76,r2l
2,ICMP,echo,SF,0,0,0,2,3,4,0.62,0.45,probe
1,UDP,dns,SF,970,1325,0,2,0,19,0.43,0.75,normal
2,TCP,ftp,SF,770,2497,0,0,3,10,0.39,0.56,r2l
20,TCP,smtp,SF,1388,2494,0,3,1,11,0.43,0.82,normal
5,TCP,http,SF,1016,1387,0,3,0,18,0.34,0.75,normal
1,ICMP,echo,SF,0,0,0,1,3,0,0.57,0.93,probe
60,ICMP,echo,SF,0,0,0,3,2,2,0.2,0.9,probe
0,UDP,eco_i,SF,654,879,0,0,0,0,0.63,0.83,normal
15,TCP,http,REJ,1199,2242,0,1,0,19,0.45,0.4,dos
10,UDP,eco_i,SF,627,1066,0,0,1,10,0.33,0.81,normal
15,TCP,ftp,SF,883,1549,0,2,0,17,0.25,0.56,r2l
2,TCP,http,SF,1291,2006,0,2,3,0,0.22,0.84,normal
0,TCP,smtp,SF,1115,1420,0,1,1,55,0.13,0.59,normal
0,TCP,smtp,SF,1048,1497,0,0,1,1,0.3,0.8,normal
1,TCP,http,REJ,1316,1519,0,3,0,0,0.1,0.77,dos
1,UDP,ntp_u,SF,530,823,0,3,1,28,0.15,0.79,normal
15,TCP,http,REJ,1365,2241,0,0,1,11,0.67,0.93,dos
5,TCP,http,SF,1091,1312,0,0,3,29,0.21,0.94,normal
20,ICMP,echo,SF,0,0,0,2,3,9,0.21,0.51,probe
0,UDP,eco_i,SF,1216,836,0,3,3,0,0.25,0.76,normal
0,UDP,ntp_u,SF,1070,696,0,3,2,0,0.4,0.7,normal
5,TCP,http,SF,1070,1972,0,1,0,1,0.59,0.84,normal
30,UDP,eco_i,SF,336,1231,0,1,2,4,0.03,0.81,normal
0,UDP,ntp_u,SF,422,1530,0,2,3,9,0.16,0.6,normal
1,TCP,ftp,REJ,1660,420,0,0,2,22,0.33,0.83,dos
60,UDP,eco_i,SF,432,841,0,2,1,0,0.21,0.69,normal
20,UDP,ntp_u,SF,1199,1000,0,3,1,2,0.63,0.58,normal
30,TCP,telnet,SF,1125,643,0,1,0,2,0.6,0.7,r2l
120,ICMP,echo,SF,0,0,0,3,2,8,0.25,0.75,probe
10,TCP,http,SF,1032,1319,0,1,0,0,0.35,0.91,normal
10,UDP,ntp_u,SF,1152,1140,0,3,2,8,0.16,0.83,normal
10,TCP,http,SF,1748,1496,0,3,3,2,0.12,0.9,normal
5,ICMP,echo,SF,0,0,0,2,0,19,0.14,0.68,probe
30,TCP,http,SF,587,1131,0,3,0,52,0.31,0.58,normal
120,TCP,smtp,S1,606,2069,0,1,0,19,0.43,0.81,normal
0,TCP,ftp,S1,986,1273,0,1,0,3,0.32,0.92,r2l
120,TCP,http,SF,1334,1198,0,3,1,2,0.41,0.56,normal
15,TCP,ftp,REJ,1799,2497,0,2,1,53,0.48,0.69,dos
0,TCP,http,SF,0,1874,0,0,1,0,0.26,0.65,normal
15,TCP,ftp,SF,487,2172,0,1,0,48,0.42,0.69,r2l
120,UDP,dns,SF,351,772,0,0,0,20,0.13,0.64,normal
0,TCP,http,REJ,1325,1626,0,2,2,40,0.41,0.84,dos
5,TCP,http,SF,824,1670,0,0,1,16,0.24,0.63,normal
10,TCP,http,SF,1628,1389,0,2,3,12,0.67,0.9,normal
0,TCP,telnet,REJ,835,1501,0,2,1,12,0.18,0.92,dos
120,TCP,http,SF,654,1262,0,3,3,0,0.13,0.84,normal
120,TCP,smtp,SF,687,1608,0,1,3,106,0.39,0.59,normal
5,UDP,eco_i,SF,1239,1024,0,0,0,18,0.23,0.82,normal
15,TCP,smtp,SF,436,986,0,2,2,26,0.54,0.85,normal
10,UDP,dns,SF,916,1311,0,2,2,4,0.56,0.97,normal
15,ICMP,echo,SF,0,0,0,2,1,22,0.32,0.75,probe
5,ICMP,echo,SF,0,0,0,3,1,12,0.06,0.87,probe
2,TCP,smtp,SF,303,1281,0,1,2,37,0.32,0.53,normal
0,TCP,http,SF,1551,799,0,0,3,29,0.34,0.8,normal
0,ICMP,echo,SF,0,0,0,2,1,40,0.5,0.74,probe
15,TCP,http,S1,2460,664,0,2,2,7,0.54,0.73,normal
0,TCP,smtp,SF,0,417,0,3,1,25,0.15,0.62,normal
120,TCP,ftp,SF,596,940,0,3,1,16,0.35,0.64,r2l
20,TCP,ftp,SF,853,1033,0,1,3,24,0.13,0.61,r2l
15,TCP,telnet,SF,1296,2474,0,3,1,31,0.36,0.83,r2l
0,UDP,dns,SF,665,1231,0,0,3,8,0.32,0.66,normal
0,TCP,ftp,SF,1586,1551,0,2,2,2,0.35,0.48,r2l
20,ICMP,echo,SF,0,0,0,2,3,7,0.26,0.94,probe
5,TCP,ftp,SF,1206,1695,0,1,1,9,0.35,0.66,r2l
60,UDP,eco_i,SF,455,783,0,1,1,19,0.13,0.85,normal
60,TCP,http,REJ,633,243,0,2,0,0,0.29,0.64,dos
0,TCP,ftp,SF,1399,1756,0,1,1,36,0.35,0.58,r2l
60,UDP,eco_i,SF,1400,984,0,1,3,12,0.47,0.42,normal
0,ICMP,echo,SF,0,0,0,0,1,16,0.39,0.64,probe
5,UDP,dns,SF,943,1115,0,0,0,9,0.3,0.79,normal
60,TCP,http,SF,1536,1203,0,1,0,68,0.49,0.65,normal
120,ICMP,echo,SF,0,0,0,0,0,17,0.44,0.76,probe
1,TCP,telnet,REJ,224,1023,0,0,2,26,0.19,0.49,dos
10,UDP,eco_i,SF,1167,261,0,3,3,1,0.06,0.95,normal
60,ICMP,echo,SF,0,0,0,0,2,87,0.24,0.9,probe
30,TCP,smtp,SF,1431,1605,0,1,1,12,0.23,0.73,normal
0,UDP,eco_i,SF,1145,1091,0,3,2,24,0.09,0.88,normal
60,TCP,smtp,SF,755,1247,0,0,2,9,0.24,0.57,normal
0,UDP,ntp_u,SF,263,1613,0,2,1,3,0.42,0.53,normal
10,TCP,http,SF,1821,1555,0,3,3,9,0.12,0.79,normal
60,UDP,eco_i,SF,246,1497,0,0,2,6,0.63,0.91,normal
15,UDP,eco_i,SF,556,1228,0,3,0,1,0.36,0.64,normal
0,TCP,ftp,SF,1035,668,0,1,0,7,0.09,0.76,r2l
5,UDP,eco_i,SF,1366,1613,0,0,3,38,0.34,0.91,normal
60,ICMP,echo,SF,0,0,0,3,2,16,0.12,0.78,probe
5,TCP,http,SF,1130,1765,0,0,1,1,0.17,0.64,normal
1,TCP,http,SF,1082,583,0,2,1,7,0.3,0.9,normal
0,TCP,ftp,REJ,1172,483,0,1,0,15,0.07,0.96,dos
60,UDP,dns,SF,629,466,0,3,3,27,0.15,0.88,normal
0,TCP,http,SF,1315,1912,0,0,2,68,0.27,0.94,normal
20,TCP,http,SF,906,1707,0,3,2,57,0.33,0.86,normal
0,ICMP,echo,SF,0,0,0,0,3,8,0.34,0.85,probe
120,UDP,eco_i,SF,1301,609,0,2,3,14,0.07,0.51,normal
0,ICMP,echo,SF,0,0,0,2,1,7,0.27,1.0,probe
5,TCP,smtp,SF,2018,1777,0,3,2,73,0.35,0.68,normal
10,ICMP,echo,SF,0,0,0,2,3,22,0.5,0.65,probe
2,UDP,dns,SF,0,568,0,1,0,1,0.06,0.67,normal
0,TCP,http,REJ,755,2001,0,1,3,22,0.17,0.58,dos
0,ICMP,echo,SF,0,0,0,0,3,24,0.04,0.55,probe
120,TCP,http,S1,838,1008,0,2,0,5,0.03,0.55,normal
120,TCP,smtp,SF,1434,1967,0,1,2,18,0.43,0.58,normal
30,TCP,ftp,REJ,822,828,0,0,0,113,0.54,0.76,dos
20,TCP,http,S1,6,1658,0,0,0,8,0.1,0.37,normal
20,TCP,http,SF,1391,1574,0,3,0,45,0.29,0.43,normal
5,TCP,http,REJ,714,536,0,3,1,30,0.53,0.88,dos
5,ICMP,echo,SF,0,0,0,2,1,2,0.26,0.51,probe
120,ICMP,echo,SF,0,0,0,3,1,27,0.29,0.73,probe
2,TCP,ftp,SF,815,501,0,1,2,8,0.07,0.77,r2l
0,TCP,http,SF,231,1870,0,1,0,3,0.18,0.88,normal
15,TCP,telnet,REJ,1280,1487,0,2,2,2,0.17,0.97,dos
120,ICMP,echo,SF,0,0,0,1,1,10,0.11,0.84,probe
120,UDP,eco_i,SF,353,861,0,2,2,71,0.25,0.46,normal
20,UDP,ntp_u,SF,1071,1118,0,2,1,23,0.03,0.8,normal
1,ICMP,echo,SF,0,0,0,2,0,22,0.45,0.19,probe
20,TCP,http,SF,881,1977,0,2,2,4,0.34,0.54,normal
1,UDP,dns,SF,1289,1420,0,3,0,7,0.15,0.58,normal
1,TCP,telnet,SF,1010,1434,0,1,2,8,0.15,0.7,r2l
0,TCP,ftp,SF,738,1023,0,3,0,35,0.26,0.72,r2l
60,UDP,eco_i,SF,707,838,0,3,2,5,0.42,0.53,normal
5,TCP,http,SF,645,1622,0,3,3,16,0.05,0.87,normal
5,TCP,smtp,SF,1101,1453,0,2,3,0,0.25,0.89,normal
5,TCP,http,SF,741,461,0,1,0,66,0.15,0.91,normal
0,TCP,ftp,REJ,1129,2396,0,2,3,6,0.16,0.84,dos
5,TCP,http,SF,1094,1658,0,3,2,3,0.33,0.91,normal
30,TCP,http,SF,216,760,0,0,1,14,0.18,0.93,normal
120,TCP,http,SF,850,1906,0,3,1,61,0.25,0.89,normal
10,TCP,ftp,SF,1200,1940,0,1,0,12,0.07,0.79,r2l
0,UDP,dns,SF,1106,1625,0,1,0,9,0.54,0.82,normal
5,UDP,dns,SF,1188,483,0,0,1,2,0.49,0.69,normal
5,TCP,smtp,S1,732,2570,0,1,2,50,0.18,0.69,normal
15,ICMP,echo,SF,0,0,0,2,1,27,0.4,0.54,probe
0,TCP,smtp,REJ,1005,815,0,2,2,0,0.04,0.65,dos
2,UDP,eco_i,SF,162,1102,0,3,0,16,0.24,0.77,normal
5,TCP,smtp,SF,1256,1577,0,3,0,13,0.42,0.91,normal
30,TCP,smtp,SF,1149,368,0,0,2,57,0.44,0.91,normal
15,TCP,http,SF,1276,1246,0,0,2,102,0.6,0.95,normal
60,UDP,dns,SF,656,1294,0,3,0,0,0.63,0.47,normal
1,TCP,http,SF,33,594,0,2,3,15,0.47,0.8,normal
10,UDP,dns,SF,638,1295,0,2,0,24,0.31,0.78,normal
0,TCP,http,S1,1173,1963,0,2,1,48,0.49,0.74,normal
10,UDP,ntp_u,SF,403,925,0,1,0,6,0.13,0.56,normal
60,TCP,telnet,REJ,1396,1536,0,3,2,20,0.45,0.59,dos
60,TCP,smtp,SF,1257,1105,0,0,3,38,0.38,0.59,normal
0,UDP,eco_i,SF,1238,1543,0,1,2,3,0.11,0.77,normal
5,TCP,http,SF,1584,1561,0,2,2,7,0.16,0.77,normal
1,TCP,http,SF,1569,1051,0,2,0,3,0.3,0.97,normal
60,TCP,smtp,REJ,771,1213,0,3,1,6,0.2,0.79,dos
15,TCP,smtp,S1,830,1142,0,3,2,84,0.26,0.87,normal
10,TCP,http,SF,1748,1550,0,2,3,19,0.55,0.71,normal
60,TCP,ftp,SF,1377,802,0,2,3,1,0.07,0.59,r2l
0,TCP,smtp,S1,1607,1990,0,1,2,1,0.22,0.94,normal
0,UDP,dns,SF,1453,890,0,0,2,0,0.22,0.78,normal
0,ICMP,echo,SF,0,0,0,2,2,29,0.07,0.93,probe
60,ICMP,echo,SF,0,0,0,3,3,20,0.05,0.82,probe
60,TCP,http,SF,852,1707,0,2,2,16,0.3,0.57,normal
2,TCP,http,REJ,794,874,0,1,1,7,0.29,0.66,dos
15,TCP,ftp,REJ,393,2085,0,0,3,25,0.26,0.97,dos
120,ICMP,echo,SF,0,0,0,0,0,67,0.23,0.72,probe
120,UDP,ntp_u,SF,1005,1657,0,1,3,40,0.06,0.61,normal
120,TCP,http,REJ,519,1715,0,1,3,15,0.27,0.7,dos
0,TCP,smtp,REJ,1126,1078,0,3,0,6,0.17,0.72,dos
30,TCP,smtp,SF,2148,1948,0,2,0,140,0.5,0.66,normal
2,TCP,http,SF,874,950,0,0,0,0,0.15,0.94,normal
10,ICMP,echo,SF,0,0,0,2,3,14,0.15,0.76,probe
0,UDP,dns,SF,749,1601,0,2,0,38,0.32,0.9,normal
15,TCP,http,SF,1288,1017,0,3,0,6,0.24,0.61,normal
10,TCP,http,SF,585,1029,0,3,1,44,0.38,0.73,normal
0,TCP,smtp,SF,623,2483,0,3,1,6,0.55,0.41,normal
60,ICMP,echo,SF,0,0,0,2,3,26,0.46,0.65,probe
5,TCP,smtp,SF,860,1227,0,3,1,82,0.36,0.94,normal
15,TCP,ftp,REJ,1358,723,0,3,1,2,0.61,0.76,dos
60,TCP,ftp,REJ,1159,1464,0,0,0,15,0.47,0.8,dos
15,TCP,http,REJ,808,1714,0,2,3,17,0.25,0.72,dos
1,TCP,ftp,S1,1222,1352,0,3,3,46,0.22,0.81,r2l
2,TCP,http,REJ,1129,1311,0,1,3,6,0.09,0.47,dos
2,ICMP,echo,SF,0,0,0,1,1,55,0.15,0.79,probe
15,ICMP,echo,SF,0,0,0,3,0,6,0.41,0.88,probe
0,TCP,http,S1,943,1560,0,2,1,12,0.18,0.7,normal
15,UDP,ntp_u,SF,411,1475,0,1,1,26,0.17,0.48,normal
120,UDP,dns,SF,1010,720,0,1,1,38,0.13,0.79,normal
5,UDP,dns,SF,0,949,0,1,2,16,0.13,0.65,normal
60,TCP,ftp,SF,1414,2678,0,3,0,25,0.25,0.81,r2l
10,TCP,ftp,REJ,1406,1498,0,1,0,12,0.24,0.71,dos
1,TCP,http,SF,1595,2616,0,0,1,8,0.22,0.93,normal
30,TCP,telnet,SF,898,1495,0,3,2,2,0.66,0.85,r2l
120,TCP,smtp,SF,1796,1323,0,1,1,35,0.12,0.83,normal
15,UDP,dns,SF,1433,1021,0,0,3,16,0.53,0.49,normal
15,TCP,http,REJ,1142,2144,0,3,0,21,0.49,0.64,dos
15,ICMP,echo,SF,0,0,0,1,3,7,0.12,0.65,probe
10,UDP,ntp_u,SF,262,1555,0,0,2,11,0.69,0.94,normal
15,TCP,smtp,SF,1061,2135,0,1,3,12,0.29,0.69,normal
60,TCP,ftp,SF,1215,1421,0,2,1,0,0.63,0.77,r2l
60,ICMP,echo,SF,0,0,0,3,3,24,0.23,0.85,probe
2,TCP,http,REJ,1004,2038,0,3,1,17,0.31,0.92,dos
120,TCP,ftp,REJ,607,1430,0,1,2,57,0.59,0.85,dos
10,TCP,http,SF,1349,1641,0,0,2,40,0.41,0.67,normal
60,TCP,telnet,SF,1410,1827,0,3,3,37,0.09,0.65,r2l
15,TCP,http,REJ,2155,1021,0,2,0,16,0.29,0.71,dos
10,TCP,smtp,SF,802,1950,0,0,3,4,0.27,0.47,normal
10,TCP,http,REJ,2169,1822,0,3,0,40,0.09,0.95,dos
20,UDP,dns,SF,1247,1056,0,3,3,42,0.28,0.86,normal
60,TCP,http,S1,1646,1606,0,0,2,9,0.32,0.61,normal
10,TCP,telnet,REJ,936,1426,0,2,0,10,0.29,0.87,dos
10,UDP,ntp_u,SF,1518,634,0,2,2,6,0.26,0.62,normal
20,TCP,http,REJ,445,801,0,2,0,17,0.3,0.31,dos
1,TCP,http,SF,746,1937,0,2,3,51,0.37,0.54,normal
120,ICMP,echo,SF,0,0,0,3,1,3,0.25,0.56,probe
120,TCP,ftp,SF,521,2037,0,2,0,15,0.22,0.93,r2l
15,UDP,ntp_u,SF,777,482,0,3,2,12,0.3,0.83,normal
120,TCP,http,SF,559,687,0,1,0,49,0.27,0.45,normal
120,TCP,ftp,SF,1286,932,0,0,3,32,0.14,0.78,r2l
20,TCP,smtp,SF,720,1748,0,1,2,34,0.29,0.77,normal
60,UDP,ntp_u,SF,722,1305,0,2,1,34,0.19,0.96,normal
120,TCP,http,SF,0,2073,0,0,0,1,0.3,0.43,normal
20,TCP,http,REJ,1384,2004,0,2,1,40,0.59,0.77,dos
20,TCP,smtp,SF,795,1599,0,1,0,1,0.13,0.71,normal
10,TCP,smtp,REJ,1148,1351,0,1,2,24,0.23,0.67,dos
15,UDP,eco_i,SF,881,632,0,3,1,16,0.1,0.61,normal
15,UDP,ntp_u,SF,1023,1095,0,1,0,45,0.16,0.76,normal
10,UDP,dns,SF,952,677,0,2,0,76,0.19,0.95,normal
120,TCP,http,SF,1254,807,0,0,1,5,0.35,0.69,normal
15,TCP,http,REJ,1358,1019,0,2,0,7,0.33,0.74,dos
1,ICMP,echo,SF,0,0,0,0,3,15,0.13,0.83,probe
0,UDP,ntp_u,SF,461,1709,0,1,2,54,0.24,0.33,normal
15,ICMP,echo,SF,0,0,0,1,1,31,0.2,0.74,probe
1,ICMP,echo,SF,0,0,0,1,3,14,0.12,0.57,probe
15,TCP,http,SF,1186,2358,0,2,3,7,0.42,0.58,normal
0,TCP,telnet,REJ,1505,1840,0,2,1,33,0.22,0.51,dos
120,TCP,telnet,SF,840,1443,0,3,0,39,0.37,0.56,r2l
10,TCP,telnet,REJ,774,1445,0,2,2,16,0.41,0.51,dos
20,ICMP,echo,SF,0,0,0,1,2,65,0.54,0.84,probe
10,ICMP,echo,SF,0,0,0,0,0,30,0.06,0.58,probe
0,UDP,dns,SF,552,479,0,0,3,33,0.2,0.84,normal
15,TCP,ftp,SF,1700,1369,0,2,3,7,0.08,0.39,r2l
20,TCP,http,REJ,179,47,0,0,0,17,0.46,0.75,dos
15,ICMP,echo,SF,0,0,0,2,1,0,0.13,0.8,probe
1,TCP,ftp,SF,1069,1612,0,1,1,11,0.12,0.84,r2l
5,TCP,http,REJ,1093,1951,0,2,3,34,0.18,0.93,dos
15,UDP,eco_i,SF,1092,844,0,1,1,11,0.05,0.83,normal
10,ICMP,echo,SF,0,0,0,2,1,15,0.68,0.68,probe
10,TCP,http,SF,545,1460,0,0,2,25,0.31,0.73,normal
120,TCP,http,S1,1105,1395,0,0,1,27,0.39,0.86,normal
10,TCP,http,SF,138,2522,0,0,2,15,0.2,0.29,normal
15,ICMP,echo,SF,0,0,0,0,2,19,0.1,0.71,probe
30,UDP,dns,SF,949,774,0,0,1,50,0.23,0.53,normal
10,TCP,smtp,S1,892,2065,0,3,2,17,0.19,0.58,normal
10,TCP,http,SF,856,1459,0,1,3,1,0.39,0.88,normal
15,TCP,smtp,SF,885,1367,0,2,2,12,0.36,0.74,normal
20,TCP,telnet,REJ,790,783,0,1,0,2,0.46,0.97,dos
15,TCP,ftp,S1,1896,1776,0,2,1,1,0.44,0.68,r2l
60,ICMP,echo,SF,0,0,0,3,2,36,0.22,0.77,probe
20,UDP,dns,SF,898,1093,0,3,1,18,0.31,0.65,normal
120,ICMP,echo,SF,0,0,0,3,1,3,0.23,0.8,probe
60,UDP,eco_i,SF,1373,822,0,0,0,13,0.42,0.71,normal
120,TCP,http,SF,525,1204,0,3,3,28,0.15,0.86,normal
0,UDP,dns,SF,763,1758,0,2,1,9,0.37,0.92,normal
30,TCP,http,SF,1471,1063,0,0,3,0,0.65,0.86,normal
10,UDP,eco_i,SF,1019,828,0,0,0,17,0.14,0.79,normal
20,TCP,telnet,SF,263,1621,0,3,1,2,0.15,0.74,r2l
15,UDP,eco_i,SF,371,696,0,0,1,12,0.08,0.67,normal
1,ICMP,echo,SF,0,0,0,3,3,25,0.38,0.8,probe
60,TCP,ftp,SF,441,2027,0,1,1,6,0.06,0.84,r2l
30,TCP,http,REJ,738,1468,0,2,2,13,0.23,0.96,dos
30,TCP,telnet,SF,735,1363,0,2,1,14,0.18,0.78,r2l
0,ICMP,echo,SF,0,0,0,1,2,8,0.21,0.57,probe
10,TCP,smtp,SF,1680,1382,0,3,2,19,0.62,0.68,normal
15,TCP,http,SF,1290,1369,0,3,3,14,0.31,0.65,normal
120,TCP,http,REJ,970,2218,0,0,3,1,0.17,0.59,dos
15,TCP,http,REJ,1033,1094,0,2,0,0,0.17,0.62,dos
10,TCP,http,REJ,538,1405,0,0,0,0,0.18,0.79,dos
5,TCP,ftp,SF,1154,1668,0,0,2,7,0.33,0.73,r2l
10,TCP,http,SF,934,51,0,1,3,12,0.1,0.7,normal
20,UDP,dns,SF,0,1329,0,3,3,0,0.41,0.71,normal
120,TCP,smtp,REJ,676,852,0,1,1,61,0.05,0.9,dos
1,TCP,http,SF,355,1306,0,3,0,58,0.36,0.83,normal
20,TCP,http,REJ,0,1083,0,1,3,1,0.19,0.88,dos
0,ICMP,echo,SF,0,0,0,2,1,47,0.15,0.77,probe
5,UDP,dns,SF,200,1145,0,3,3,3,0.08,0.47,normal
120,TCP,smtp,SF,1765,107,0,1,1,41,0.37,0.76,normal
15,ICMP,echo,SF,0,0,0,3,2,44,0.22,0.46,probe
15,TCP,ftp,REJ,1007,2353,0,3,0,7,0.24,0.62,dos
5,UDP,dns,SF,778,1187,0,1,1,28,0.21,0.57,normal
5,TCP,telnet,REJ,566,978,0,2,3,72,0.24,0.67,dos
15,UDP,dns,SF,622,459,0,2,0,5,0.18,0.75,normal
5,ICMP,echo,SF,0,0,0,0,0,4,0.27,0.95,probe
60,TCP,ftp,REJ,1387,1038,0,1,0,0,0.2,0.79,dos
5,TCP,http,SF,1394,1511,0,2,3,31,0.32,0.67,normal
5,TCP,http,SF,687,2282,0,3,1,29,0.21,0.99,normal
120,TCP,http,REJ,832,2133,0,0,1,71,0.2,0.59,dos
30,TCP,http,SF,1082,1567,0,0,1,0,0.32,0.63,normal
0,TCP,smtp,SF,411,1249,0,3,3,9,0.13,0.61,normal
30,TCP,ftp,SF,1294,1249,0,0,3,0,0.21,0.64,r2l
1,TCP,http,SF,1081,1528,0,1,3,11,0.1,0.61,normal
15,TCP,http,SF,1967,1679,0,2,3,5,0.45,0.84,normal
0,TCP,http,REJ,1120,638,0,0,2,9,0.35,0.65,dos
10,TCP,http,S1,1790,401,0,2,2,36,0.2,0.69,normal
5,TCP,http,SF,902,1274,0,2,1,19,0.46,0.59,normal
15,ICMP,echo,SF,0,0,0,1,2,41,0.26,0.64,probe
2,ICMP,echo,SF,0,0,0,3,2,26,0.25,0.73,probe
10,TCP,http,SF,1442,1622,0,2,0,24,0.94,0.66,normal
30,UDP,eco_i,SF,732,1240,0,3,3,14,0.24,0.71,normal
120,ICMP,echo,SF,0,0,0,3,1,2,0.43,0.61,probe
2,UDP,dns,SF,558,763,0,1,1,36,0.11,0.88,normal
5,TCP,ftp,REJ,2080,1587,0,2,3,35,0.21,0.87,dos
20,TCP,ftp,SF,868,1593,0,1,3,37,0.1,0.69,r2l
2,ICMP,echo,SF,0,0,0,1,0,12,0.33,0.62,probe
15,UDP,eco_i,SF,928,1350,0,1,1,14,0.27,0.61,normal
0,TCP,ftp,SF,401,925,0,0,2,86,0.48,0.96,r2l
1,TCP,smtp,SF,0,1123,0,2,0,36,0.36,0.81,normal
20,ICMP,echo,SF,0,0,0,1,2,43,0.36,0.87,probe
1,UDP,eco_i,SF,1316,672,0,1,1,13,0.29,0.79,normal
20,TCP,http,SF,538,922,0,3,1,40,0.07,0.67,normal
1,ICMP,echo,SF,0,0,0,2,3,6,0.26,0.49,probe
0,TCP,http,S1,466,929,0,3,3,30,0.44,0.88,normal
1,TCP,http,SF,764,1228,0,0,2,17,0.09,0.79,normal
20,ICMP,echo,SF,0,0,0,0,3,3,0.36,0.4,probe
15,TCP,http,SF,564,1029,0,2,0,11,0.36,0.58,normal
0,ICMP,echo,SF,0,0,0,2,0,16,0.49,0.76,probe
10,TCP,http,REJ,1278,942,0,3,2,2,0.38,0.58,dos
0,TCP,ftp,SF,242,0,0,0,2,8,0.05,0.71,r2l
0,TCP,ftp,SF,500,2095,0,2,0,7,0.26,0.67,r2l
60,UDP,ntp_u,SF,1142,831,0,2,0,12,0.54,0.89,normal
5,ICMP,echo,SF,0,0,0,2,3,15,0.2,0.42,probe
10,TCP,http,SF,1578,1725,0,1,2,86,0.3,0.49,normal
120,ICMP,echo,SF,0,0,0,3,0,22,0.22,0.49,probe
2,UDP,dns,SF,615,1031,0,2,1,8,0.07,0.59,normal
60,TCP,http,SF,1320,1295,0,0,2,25,0.21,0.72,normal
20,UDP,eco_i,SF,1026,1079,0,2,1,33,0.42,0.98,normal
20,UDP,eco_i,SF,505,1284,0,1,0,24,0.2,0.78,normal
2,TCP,http,SF,793,299,0,1,2,87,0.06,0.33,normal
0,TCP,smtp,REJ,313,1954,0,2,3,98,0.2,0.67,dos
20,TCP,http,REJ,1066,1095,0,0,2,40,0.37,0.52,dos
10,TCP,http,SF,499,2258,0,2,3,5,0.21,0.3,normal
0,TCP,http,SF,836,1912,0,1,3,83,0.48,0.69,normal
20,TCP,ftp,SF,784,456,0,3,1,20,0.14,0.73,r2l
120,TCP,http,REJ,315,1422,0,1,0,46,0.61,0.85,dos
15,UDP,dns,SF,893,594,0,3,3,17,0.21,0.71,normal
15,UDP,dns,SF,1027,1037,0,3,3,48,0.29,0.55,normal
30,TCP,http,SF,414,1406,0,2,1,4,0.1,0.64,normal
0,TCP,smtp,REJ,417,1407,0,0,3,22,0.32,0.42,dos
120,TCP,telnet,SF,1468,146,0,0,1,13,0.17,0.76,r2l
5,UDP,eco_i,SF,1128,1151,0,2,2,1,0.39,0.62,normal
15,TCP,http,REJ,577,1281,0,0,3,15,0.11,0.64,dos
1,ICMP,echo,SF,0,0,0,0,3,15,0.81,0.87,probe
1,TCP,smtp,S1,1163,1056,0,0,1,1,0.28,0.88,normal
0,TCP,ftp,SF,1439,2081,0,0,2,12,0.22,0.85,r2l
60,UDP,eco_i,SF,758,513,0,3,3,20,0.46,0.71,normal
30,UDP,ntp_u,SF,803,902,0,0,3,64,0.36,0.64,normal
0,UDP,dns,SF,677,914,0,1,2,1,0.29,0.52,normal
10,ICMP,echo,SF,0,0,0,1,3,86,0.35,0.86,probe
120,TCP,http,SF,1879,1839,0,0,1,60,0.21,0.87,normal
120,UDP,dns,SF,352,92,0,3,1,1,0.53,0.95,normal
10,TCP,http,SF,831,1471,0,1,3,56,0.18,0.72,normal
0,TCP,http,SF,1602,2106,0,1,2,22,0.24,0.29,normal
120,UDP,eco_i,SF,1109,1415,0,3,2,11,0.43,0.75,normal
5,TCP,smtp,SF,1288,1415,0,3,0,2,0.34,0.58,normal
1,UDP,dns,SF,113,1658,0,0,3,13,0.35,0.87,normal
10,ICMP,echo,SF,0,0,0,3,0,70,0.1,0.67,probe
15,TCP,ftp,REJ,758,1700,0,0,0,4,0.2,0.75,dos
15,UDP,eco_i,SF,937,1081,0,1,1,5,0.67,0.98,normal
5,UDP,eco_i,SF,1259,576,0,2,3,16,0.2,0.68,normal
20,ICMP,echo,SF,0,0,0,2,1,12,0.12,0.8,probe
5,UDP,eco_i,SF,782,850,0,3,1,21,0.22,0.58,normal
0,TCP,smtp,SF,1429,2068,0,2,3,8,0.5,0.67,normal
5,TCP,ftp,SF,1008,1169,0,1,0,52,0.24,0.78,r2l
10,TCP,http,SF,1835,2185,0,1,1,3,0.33,0.57,normal
15,TCP,ftp,REJ,920,1323,0,1,0,1,0.18,0.77,dos
60,UDP,eco_i,SF,1298,874,0,0,0,1,0.3,0.82,normal
10,TCP,smtp,SF,947,1876,0,0,0,2,0.36,0.8,normal
0,TCP,telnet,SF,1176,1291,0,1,0,33,0.19,0.67,r2l
20,UDP,dns,SF,437,1202,0,3,0,16,0.26,0.32,normal
60,TCP,ftp,SF,1120,1672,0,2,2,0,0.04,0.6,r2l
20,TCP,smtp,SF,1400,1009,0,2,1,23,0.26,0.49,normal
10,TCP,http,SF,1301,2233,0,2,0,11,0.34,0.79,normal
60,TCP,smtp,SF,441,1869,0,0,0,0,0.66,0.84,normal
30,ICMP,echo,SF,0,0,0,1,3,2,0.19,0.71,probe
120,UDP,dns,SF,1042,758,0,3,1,27,0.05,0.56,normal
1,ICMP,echo,SF,0,0,0,1,0,9,0.73,0.86,probe
120,TCP,smtp,SF,1335,1932,0,1,1,3,0.18,0.8,normal
120,TCP,http,SF,838,1583,0,1,1,2,0.22,0.69,normal
20,ICMP,echo,SF,0,0,0,2,3,12,0.35,0.69,probe
5,UDP,dns,SF,0,1338,0,0,0,38,0.16,0.87,normal
30,ICMP,echo,SF,0,0,0,1,3,15,0.13,0.58,probe
120,TCP,http,REJ,1050,1737,0,3,2,13,0.37,0.64,dos
5,ICMP,echo,SF,0,0,0,1,3,54,0.08,0.9,probe
120,UDP,ntp_u,SF,1241,827,0,2,2,42,0.07,0.96,normal
0,TCP,smtp,SF,277,1441,0,2,2,14,0.21,0.96,normal
15,TCP,http,SF,720,1586,0,1,3,9,0.37,0.5,normal
10,ICMP,echo,SF,0,0,0,1,1,13,0.43,0.79,probe
10,ICMP,echo,SF,0,0,0,2,1,24,0.29,0.25,probe
20,UDP,eco_i,SF,1020,917,0,3,0,16,0.17,0.67,normal
15,TCP,http,REJ,1329,1318,0,0,3,1,0.52,0.61,dos
5,UDP,dns,SF,771,1039,0,2,0,25,0.11,0.66,normal
15,UDP,eco_i,SF,634,532,0,3,3,24,0.17,0.69,normal
15,TCP,ftp,SF,537,1112,0,2,2,16,0.34,0.5,r2l
1,TCP,http,SF,729,541,0,2,3,19,0.19,0.79,normal
0,TCP,smtp,SF,1370,1943,0,0,3,31,0.42,0.72,normal
0,UDP,dns,SF,608,983,0,3,0,3,0.14,0.77,normal
1,ICMP,echo,SF,0,0,0,2,2,53,0.2,0.74,probe
1,UDP,ntp_u,SF,0,174,0,0,0,7,0.58,0.92,normal
60,ICMP,echo,SF,0,0,0,3,3,1,0.33,0.82,probe
1,UDP,eco_i,SF,288,1209,0,2,1,10,0.35,0.96,normal
0,UDP,eco_i,SF,989,1376,0,0,2,49,0.45,0.23,normal
15,TCP,http,SF,2021,1196,0,0,2,28,0.23,0.89,normal
0,TCP,http,SF,1303,537,0,2,3,3,0.44,0.93,normal
120,UDP,eco_i,SF,810,1334,0,1,0,2,0.2,0.71,normal
10,TCP,ftp,SF,0,1132,0,2,0,13,0.53,0.74,r2l
1,ICMP,echo,SF,0,0,0,2,2,27,0.36,0.69,probe
15,TCP,telnet,REJ,1145,1943,0,1,2,4,0.13,0.69,dos
0,TCP,ftp,SF,1317,1061,0,1,0,8,0.31,0.77,r2l
60,TCP,http,SF,679,1040,0,3,2,8,0.67,0.86,normal
20,TCP,http,REJ,1314,842,0,1,3,0,0.1,0.47,dos
30,TCP,http,REJ,1089,1321,0,0,0,11,0.45,0.56,dos
2,UDP,eco_i,SF,791,292,0,0,3,7,0.13,0.88,normal
15,TCP,http,SF,228,372,0,3,2,25,0.46,0.59,normal
5,TCP,http,SF,1103,1569,0,1,0,22,0.14,0.72,normal
1,UDP,eco_i,SF,675,717,0,3,0,55,0.46,0.52,normal
5,TCP,http,SF,517,729,0,3,2,42,0.74,0.54,normal
0,TCP,smtp,SF,1866,2050,0,0,0,1,0.3,0.57,normal
120,TCP,http,REJ,892,2142,0,2,0,27,0.19,0.74,dos
120,UDP,dns,SF,751,961,0,0,0,27,0.31,0.83,normal
15,ICMP,echo,SF,0,0,0,2,0,7,0.37,0.72,probe
1,UDP,dns,SF,1039,1210,0,1,0,1,0.1,0.77,normal
15,TCP,http,SF,996,1540,0,3,3,11,0.18,0.81,normal
0,TCP,http,REJ,1040,1013,0,3,3,1,0.23,0.78,dos
60,TCP,ftp,SF,1701,883,0,1,1,1,0.29,0.72,r2l
5,ICMP,echo,SF,0,0,0,0,2,31,0.19,0.75,probe
1,UDP,eco_i,SF,473,479,0,0,3,13,0.35,0.78,normal
15,TCP,telnet,SF,1184,1552,0,2,1,50,0.32,0.69,r2l
10,TCP,ftp,SF,650,2357,0,2,1,18,0.26,0.58,r2l
20,TCP,telnet,SF,1375,608,0,2,1,8,0.33,0.7,r2l
5,TCP,http,SF,364,1988,0,3,0,43,0.07,0.72,normal
0,TCP,http,SF,0,1629,0,3,3,6,0.28,0.81,normal
1,TCP,ftp,SF,1655,1587,0,0,2,5,0.36,0.81,r2l
0,TCP,http,SF,164,1013,0,1,3,12,0.28,0.87,normal
0,TCP,smtp,REJ,652,2181,0,2,1,32,0.23,0.74,dos
0,TCP,telnet,SF,1151,1283,0,2,3,5,0.18,0.57,r2l
0,TCP,http,REJ,704,1611,0,1,2,49,0.16,0.95,dos
120,TCP,ftp,SF,409,866,0,2,2,5,0.36,0.91,r2l
60,TCP,http,SF,1059,1874,0,3,0,26,0.18,0.83,normal
5,UDP,eco_i,SF,757,457,0,0,2,4,0.24,0.73,normal
5,UDP,dns,SF,996,98,0,3,2,3,0.15,0.67,normal
120,TCP,http,REJ,638,1417,0,3,2,12,0.23,0.64,dos
60,TCP,ftp,SF,1254,1937,0,3,1,6,0.18,0.64,r2l
10,TCP,http,SF,508,1042,0,2,2,2,0.15,0.68,normal
0,UDP,dns,SF,1162,449,0,3,0,13,0.1,0.71,normal
30,TCP,http,S1,1122,2461,0,0,3,5,0.25,0.77,normal
15,TCP,smtp,SF,1137,784,0,2,1,11,0.15,0.4,normal
120,TCP,http,SF,911,1697,0,0,3,11,0.12,0.61,normal
120,TCP,ftp,S1,1363,1227,0,1,2,15,0.15,0.81,r2l
15,ICMP,echo,SF,0,0,0,3,2,17,0.11,0.6,probe
0,TCP,http,S1,1412,886,0,1,0,24,0.33,0.32,normal
120,TCP,http,SF,601,2009,0,2,0,5,0.19,0.75,normal
5,UDP,dns,SF,85,625,0,0,1,6,0.31,0.74,normal
5,TCP,smtp,SF,1449,2190,0,1,3,10,0.32,0.66,normal
20,TCP,http,SF,1075,892,0,2,1,13,0.33,0.36,normal
0,UDP,eco_i,SF,696,862,0,1,2,3,0.18,0.45,normal
15,TCP,telnet,REJ,906,2186,0,2,2,8,0.09,0.42,dos
120,UDP,ntp_u,SF,712,271,0,1,2,7,0.31,0.63,normal
60,TCP,smtp,SF,1798,1388,0,2,1,9,0.21,0.88,normal
60,TCP,http,REJ,461,1910,0,3,3,6,0.26,0.74,dos
120,UDP,ntp_u,SF,900,426,0,1,2,16,0.36,0.97,normal
120,TCP,ftp,SF,1450,896,0,0,3,2,0.27,0.81,r2l
5,ICMP,echo,SF,0,0,0,3,2,9,0.11,0.87,probe
20,TCP,telnet,SF,1419,1508,0,1,3,26,0.23,0.55,r2l
60,UDP,dns,SF,661,810,0,0,2,21,0.23,0.6,normal
5,TCP,http,SF,1075,1707,0,3,0,19,0.32,0.67,normal
15,ICMP,echo,SF,0,0,0,2,1,7,0.35,0.19,probe
1,TCP,http,SF,0,2331,0,1,1,32,0.54,0.78,normal
10,TCP,http,SF,1426,1706,0,3,3,1,0.33,0.7,normal
1,TCP,ftp,SF,180,549,0,1,1,58,0.35,0.85,r2l
15,UDP,eco_i,SF,603,1872,0,0,0,3,0.22,0.81,normal
1,UDP,eco_i,SF,420,773,0,2,3,9,0.44,0.52,normal
15,UDP,ntp_u,SF,293,505,0,3,2,8,0.09,0.87,normal
0,UDP,ntp_u,SF,318,1017,0,3,3,94,0.42,0.67,normal
5,TCP,smtp,SF,1598,1117,0,3,0,22,0.38,0.71,normal
0,TCP,http,REJ,1096,1624,0,2,1,30,0.2,0.46,dos
60,ICMP,echo,SF,0,0,0,1,1,38,0.18,0.46,probe
1,TCP,http,REJ,1129,2186,0,2,3,4,0.17,0.74,dos
1,TCP,http,SF,819,1684,0,3,2,19,0.11,0.77,normal
1,ICMP,echo,SF,0,0,0,2,1,26,0.46,0.63,probe
15,UDP,eco_i,SF,1086,352,0,1,1,20,0.63,0.82,normal
5,TCP,smtp,SF,654,1026,0,1,1,16,0.08,0.87,normal
1,UDP,ntp_u,SF,374,899,0,0,2,20,0.27,0.86,normal
1,ICMP,echo,SF,0,0,0,2,2,25,0.28,0.45,probe
30,TCP,http,S1,1769,1696,0,1,0,8,0.58,0.4,normal
0,TCP,ftp,SF,670,1499,0,3,0,97,0.16,0.78,r2l
10,ICMP,echo,SF,0,0,0,3,3,23,0.42,0.79,probe
0,TCP,http,S1,1102,1150,0,1,0,14,0.11,0.69,normal
15,ICMP,echo,SF,0,0,0,1,1,0,0.09,0.89,probe
30,TCP,http,SF,1199,829,0,0,1,37,0.08,0.9,normal
0,TCP,telnet,SF,1522,1843,0,0,2,17,0.08,0.78,r2l
15,TCP,ftp,SF,1843,1628,0,1,0,30,0.47,0.9,r2l
60,TCP,telnet,REJ,933,1817,0,1,2,0,0.3,0.33,dos
20,ICMP,echo,SF,0,0,0,3,1,22,0.19,0.42,probe
60,TCP,smtp,REJ,1318,1780,0,3,3,33,0.05,0.55,dos
10,ICMP,echo,SF,0,0,0,1,2,65,0.37,0.77,probe
60,TCP,http,SF,992,1354,0,0,1,40,0.11,0.59,normal
1,UDP,dns,SF,438,401,0,2,0,7,0.11,0.54,normal
15,TCP,smtp,SF,909,1056,0,2,1,12,0.19,0.79,normal
10,TCP,telnet,REJ,513,801,0,3,0,14,0.27,0.8,dos
5,UDP,ntp_u,SF,773,568,0,2,0,6,0.37,0.78,normal
60,TCP,http,SF,547,530,0,3,1,29,0.25,0.76,normal
10,TCP,http,SF,840,943,0,2,3,11,0.51,0.48,normal
0,TCP,ftp,REJ,1229,2112,0,1,0,70,0.21,0.66,dos
15,UDP,dns,SF,736,619,0,0,3,56,0.1,0.78,normal
1,TCP,telnet,SF,314,947,0,1,0,41,0.11,0.9,r2l
5,TCP,smtp,SF,1928,2308,0,0,3,34,0.35,0.85,normal
5,TCP,http,SF,300,2162,0,0,3,12,0.07,0.87,normal
2,TCP,http,SF,1296,1573,0,0,1,21,0.18,0.78,normal
20,UDP,eco_i,SF,0,608,0,1,1,2,0.2,0.59,normal
60,TCP,http,REJ,956,1490,0,2,1,13,0.01,0.54,dos
0,TCP,http,SF,830,1107,0,0,1,11,0.02,0.92,normal
20,ICMP,echo,SF,0,0,0,1,2,14,0.12,0.74,probe
15,TCP,http,REJ,259,827,0,2,2,7,0.19,0.72,dos
60,TCP,http,SF,666,1071,0,0,2,15,0.43,0.43,normal
5,TCP,telnet,S1,953,1745,0,1,1,29,0.16,0.72,r2l
0,UDP,eco_i,SF,928,1065,0,1,2,36,0.19,0.79,normal
2,TCP,ftp,REJ,529,1471,0,0,2,4,0.44,0.7,dos
5,TCP,http,REJ,1441,781,0,3,0,86,0.23,0.89,dos
10,UDP,eco_i,SF,568,1423,0,2,1,2,0.31,0.86,normal
0,TCP,http,REJ,2138,1254,0,0,3,12,0.06,0.66,dos
0,ICMP,echo,SF,0,0,0,0,1,9,0.29,0.38,probe
1,ICMP,echo,SF,0,0,0,1,3,3,0.39,0.85,probe
5,TCP,smtp,SF,1173,1816,0,1,3,6,0.54,0.62,normal
15,TCP,smtp,SF,283,1359,0,3,3,43,0.16,0.92,normal
15,TCP,smtp,REJ,668,1686,0,3,0,4,0.41,0.71,dos
0,UDP,dns,SF,584,1106,0,3,0,1,0.04,0.58,normal
0,UDP,dns,SF,786,1003,0,0,2,4,0.27,0.82,normal
10,TCP,ftp,S1,1012,2351,0,0,1,30,0.57,0.76,r2l
1,TCP,http,SF,501,897,0,0,2,43,0.34,0.65,normal
60,TCP,http,S1,1344,1158,0,3,3,5,0.47,0.89,normal
15,ICMP,echo,SF,0,0,0,1,2,0,0.26,0.91,probe
1,TCP,telnet,SF,1301,1567,0,1,1,5,0.33,0.53,r2l
60,TCP,telnet,REJ,1010,1676,0,0,1,3,0.19,0.85,dos
10,TCP,http,SF,655,918,0,1,3,13,0.05,0.75,normal
15,TCP,http,SF,1134,1685,0,1,2,10,0.63,0.77,normal
20,UDP,eco_i,SF,1461,929,0,1,3,12,0.05,0.51,normal
15,TCP,smtp,SF,618,1141,0,3,1,20,0.48,0.77,normal
5,TCP,smtp,SF,864,1179,0,2,1,8,0.2,0.88,normal
30,TCP,http,SF,868,1812,0,2,0,1,0.48,0.61,normal
0,TCP,http,S1,1725,1188,0,3,1,1,0.24,0.69,normal
0,UDP,ntp_u,SF,531,544,0,1,2,16,0.58,0.73,normal
5,TCP,ftp,SF,1641,2157,0,1,3,43,0.36,0.52,r2l
120,TCP,http,SF,1110,381,0,2,2,3,0.35,0.64,normal
120,TCP,ftp,REJ,574,1569,0,3,3,1,0.32,0.6,dos
60,TCP,ftp,SF,934,1743,0,1,0,31,0.18,0.7,r2l
5,TCP,http,SF,1440,2137,0,3,3,9,0.08,0.8,normal
5,UDP,ntp_u,SF,976,551,0,3,3,32,0.21,0.77,normal
1,ICMP,echo,SF,0,0,0,1,1,10,0.06,0.56,probe
120,TCP,smtp,SF,1223,2140,0,1,1,18,0.04,0.83,normal
30,UDP,ntp_u,SF,1119,722,0,0,0,90,0.13,0.76,normal
30,UDP,dns,SF,922,571,0,2,0,2,0.47,0.91,normal
0,TCP,http,SF,1306,1972,0,1,3,18,0.23,0.86,normal
60,TCP,http,SF,1386,1737,0,0,1,5,0.17,0.95,normal
10,TCP,http,S1,488,1978,0,1,1,18,0.47,0.51,normal
5,TCP,http,REJ,1273,2143,0,0,3,8,0.23,0.92,dos
10,UDP,dns,SF,905,790,0,3,2,26,0.49,0.54,normal
5,TCP,http,SF,939,910,0,2,3,15,0.14,0.8,normal
5,TCP,smtp,SF,796,2080,0,3,3,7,0.11,0.82,normal
15,TCP,smtp,SF,1334,1443,0,0,3,6,0.2,0.6,normal
20,ICMP,echo,SF,0,0,0,2,0,38,0.43,0.66,probe
0,TCP,ftp,SF,864,943,0,2,0,17,0.07,0.72,r2l
60,UDP,eco_i,SF,1189,589,0,3,3,37,0.17,0.82,normal
30,TCP,ftp,SF,1752,971,0,1,3,22,0.65,0.76,r2l
10,TCP,smtp,SF,1422,1922,0,2,2,13,0.16,0.88,normal
10,TCP,http,SF,948,1643,0,0,2,27,0.42,0.49,normal
0,UDP,dns,SF,666,273,0,3,1,21,0.03,0.69,normal
0,UDP,dns,SF,1273,265,0,0,3,3,0.07,0.89,normal
10,TCP,http,REJ,1212,1977,0,3,3,4,0.29,0.81,dos
5,TCP,smtp,REJ,953,946,0,0,3,45,0.07,0.58,dos
1,TCP,http,SF,1216,1673,0,3,2,5,0.37,0.64,normal
0,TCP,http,SF,1423,1440,0,3,1,1,0.33,0.76,normal
60,TCP,telnet,REJ,830,841,0,1,1,0,0.23,0.67,dos
10,TCP,ftp,SF,1147,1652,0,2,3,1,0.42,0.89,r2l
5,TCP,http,REJ,902,1281,0,2,0,0,0.09,0.67,dos
5,UDP,ntp_u,SF,69,654,0,0,2,1,0.51,0.91,normal
10,TCP,http,SF,934,1399,0,0,0,27,0.39,0.7,normal
5,TCP,ftp,REJ,1286,1375,0,3,3,1,0.38,0.83,dos
20,TCP,ftp,REJ,1751,557,0,1,3,9,0.07,0.89,dos
120,ICMP,echo,SF,0,0,0,0,0,21,0.12,0.82,probe
15,TCP,http,REJ,624,2500,0,1,0,7,0.24,0.85,dos
1,TCP,telnet,SF,1265,1328,0,3,2,50,0.17,0.93,r2l
2,TCP,ftp,SF,1875,1230,0,0,3,35,0.5,0.58,r2l
20,TCP,ftp,SF,2226,975,0,0,2,14,0.38,0.6,r2l
30,TCP,http,SF,924,1597,0,1,3,3,0.31,0.6,normal
5,TCP,smtp,SF,345,1695,0,0,3,46,0.43,0.53,normal
1,TCP,http,SF,790,1257,0,1,2,2,0.37,0.82,normal
20,UDP,dns,SF,895,880,0,3,2,61,0.17,0.79,normal
0,TCP,ftp,REJ,1392,1939,0,1,2,15,0.12,0.56,dos
15,TCP,http,S1,1083,1162,0,1,2,20,0.43,0.59,normal
0,TCP,smtp,SF,429,689,0,3,1,23,0.38,0.55,normal
10,TCP,telnet,SF,1411,1390,0,3,2,19,0.18,0.42,r2l
20,TCP,http,REJ,891,2066,0,0,1,35,0.26,0.59,dos
20,TCP,http,REJ,1175,1528,0,1,0,45,0.21,0.81,dos
0,ICMP,echo,SF,0,0,0,2,3,8,0.22,0.68,probe
120,UDP,ntp_u,SF,942,675,0,2,1,4,0.31,0.62,normal
5,TCP,http,SF,243,1712,0,0,3,19,0.14,0.89,normal
30,TCP,smtp,SF,795,1809,0,2,3,46,0.03,0.88,normal
1,TCP,smtp,SF,713,1731,0,2,0,8,0.21,0.99,normal
15,TCP,http,SF,389,1262,0,3,1,14,0.18,0.83,normal
1,TCP,ftp,S1,1030,1099,0,1,2,4,0.13,0.77,r2l
60,TCP,telnet,SF,1100,1527,0,2,3,1,0.29,0.88,r2l
10,TCP,ftp,SF,747,1967,0,0,1,20,0.34,0.63,r2l
15,ICMP,echo,SF,0,0,0,2,2,5,0.34,0.59,probe
20,UDP,ntp_u,SF,912,602,0,2,3,13,0.39,0.85,normal
1,TCP,http,S1,1072,1339,0,1,1,46,0.53,0.87,normal
15,ICMP,echo,SF,0,0,0,1,2,0,0.42,0.38,probe
15,UDP,ntp_u,SF,876,779,0,0,3,39,0.17,0.63,normal
60,UDP,dns,SF,671,685,0,0,0,21,0.04,0.7,normal
2,TCP,telnet,SF,646,1321,0,0,1,20,0.18,0.76,r2l
0,TCP,telnet,REJ,785,1244,0,2,3,14,0.32,0.58,dos
15,TCP,http,SF,554,1178,0,0,0,2,0.06,0.68,normal
2,TCP,http,SF,1589,1538,0,1,1,37,0.22,0.7,normal
0,TCP,http,REJ,333,1070,0,1,2,11,0.52,0.7,dos
15,TCP,http,SF,1586,1314,0,1,2,27,0.18,0.7,normal
20,TCP,ftp,SF,1164,1275,0,0,2,27,0.06,0.71,r2l
15,TCP,ftp,SF,448,1591,0,2,2,36,0.38,0.9,r2l
15,UDP,ntp_u,SF,1359,948,0,0,3,11,0.34,0.66,normal
20,TCP,ftp,SF,107,1397,0,2,3,33,0.27,0.69,r2l
10,ICMP,echo,SF,0,0,0,1,0,3,0.26,0.78,probe
0,TCP,ftp,SF,1197,1126,0,1,2,4,0.58,0.79,r2l
10,TCP,http,SF,770,2181,0,2,1,27,0.37,0.72,normal
20,UDP,eco_i,SF,452,1358,0,3,2,45,0.2,0.85,normal
5,UDP,eco_i,SF,1607,711,0,3,3,1,0.15,0.78,normal
60,UDP,ntp_u,SF,261,582,0,0,2,43,0.11,0.81,normal
120,TCP,http,SF,1400,962,0,2,0,32,0.6,0.98,normal
15,TCP,http,REJ,1188,1534,0,0,2,3,0.16,0.78,dos
60,TCP,http,S1,0,2551,0,3,3,4,0.27,0.58,normal
10,TCP,http,REJ,736,1323,0,1,1,4,0.4,0.69,dos
15,TCP,smtp,S1,370,2865,0,0,3,85,0.21,0.76,normal
20,TCP,telnet,SF,349,1476,0,0,1,56,0.1,0.75,r2l
10,ICMP,echo,SF,0,0,0,3,1,11,0.42,0.65,probe
1,TCP,telnet,SF,1787,1465,0,2,1,18,0.33,0.34,r2l
60,UDP,eco_i,SF,698,1385,0,0,0,0,0.35,0.86,normal
15,TCP,telnet,SF,895,2118,0,3,1,37,0.13,0.52,r2l
15,ICMP,echo,SF,0,0,0,3,3,52,0.18,0.45,probe
120,TCP,http,SF,955,2074,0,0,1,7,0.45,0.68,normal
60,ICMP,echo,SF,0,0,0,1,2,8,0.45,0.76,probe
120,ICMP,echo,SF,0,0,0,3,2,50,0.33,0.18,probe
30,UDP,ntp_u,SF,629,1268,0,0,2,28,0.16,0.45,normal
5,TCP,http,SF,773,1206,0,1,2,18,0.05,0.76,normal
1,TCP,http,SF,1244,1733,0,0,0,31,0.19,0.87,normal
15,TCP,smtp,REJ,842,593,0,1,0,7,0.15,0.55,dos
0,UDP,dns,SF,915,1078,0,0,0,41,0.46,0.82,normal
2,TCP,ftp,SF,327,1970,0,1,2,4,0.11,0.64,r2l
0,TCP,http,SF,1883,1251,0,0,0,56,0.02,0.53,normal
0,TCP,smtp,S1,1136,520,0,3,2,14,0.15,0.8,normal
15,TCP,http,REJ,1380,1616,0,3,3,9,0.43,0.45,dos
30,UDP,ntp_u,SF,1067,433,0,1,2,1,0.39,0.44,normal
10,UDP,ntp_u,SF,1843,838,0,0,1,10,0.6,0.5,normal
5,TCP,http,SF,893,1614,0,0,3,11,0.22,0.79,normal
15,ICMP,echo,SF,0,0,0,3,0,19,0.4,0.74,probe
0,TCP,http,SF,818,2133,0,1,1,6,0.1,0.85,normal
20,UDP,ntp_u,SF,901,267,0,0,1,1,0.29,0.53,normal
30,TCP,ftp,REJ,1062,1971,0,0,0,4,0.23,0.73,dos
60,TCP,http,SF,770,935,0,1,1,21,0.07,0.51,normal
120,UDP,ntp_u,SF,901,378,0,3,0,13,0.19,0.93,normal
120,TCP,http,SF,1360,1728,0,0,0,85,0.35,0.86,normal
2,TCP,smtp,SF,548,2111,0,2,3,16,0.35,0.8,normal
30,TCP,smtp,SF,2129,1488,0,1,0,42,0.09,0.68,normal
5,UDP,dns,SF,335,1539,0,1,3,18,0.65,0.89,normal
120,TCP,ftp,SF,443,2227,0,1,0,52,0.19,0.63,r2l
60,ICMP,echo,SF,0,0,0,2,1,47,0.42,0.61,probe
2,TCP,http,SF,1421,1769,0,1,1,14,0.03,0.41,normal
30,TCP,ftp,SF,185,1584,0,3,0,6,0.35,0.9,r2l
10,TCP,smtp,SF,580,0,0,1,0,0,0.24,0.25,normal
0,UDP,eco_i,SF,532,1166,0,2,0,23,0.44,0.83,normal
0,TCP,http,S1,878,2568,0,3,0,22,0.12,0.82,normal
60,TCP,http,SF,578,1664,0,3,1,55,0.24,0.72,normal
60,UDP,ntp_u,SF,662,510,0,2,3,0,0.25,0.93,normal
0,TCP,http,SF,873,850,0,3,1,34,0.49,0.74,normal
60,UDP,eco_i,SF,424,1108,0,1,2,0,0.62,0.73,normal
120,TCP,smtp,REJ,502,1276,0,0,2,6,0.06,0.67,dos
5,TCP,ftp,REJ,1624,1535,0,2,2,0,0.32,0.91,dos
120,UDP,dns,SF,1089,585,0,3,0,3,0.57,0.55,normal
30,TCP,http,SF,1692,713,0,3,0,14,0.27,0.91,normal
15,TCP,smtp,REJ,995,1684,0,3,3,29,0.29,0.66,dos
0,TCP,ftp,REJ,1027,1371,0,1,3,16,0.19,0.53,dos
0,TCP,ftp,SF,243,1511,0,0,0,4,0.46,0.79,r2l
0,UDP,eco_i,SF,532,915,0,2,0,24,0.4,0.73,normal
1,TCP,ftp,SF,1259,2171,0,3,2,30,0.12,0.44,r2l
2,TCP,ftp,SF,1017,1685,0,0,2,52,0.24,0.77,r2l
10,UDP,dns,SF,1051,5,0,2,2,3,0.57,0.78,normal
15,TCP,http,SF,152,1390,0,0,0,28,0.06,0.93,normal
0,TCP,telnet,SF,1184,1724,0,2,1,4,0.07,0.81,r2l
0,UDP,eco_i,SF,1022,237,0,1,3,42,0.54,0.47,normal
15,TCP,http,SF,680,1838,0,0,0,31,0.34,0.82,normal
30,TCP,smtp,SF,1039,1477,0,3,0,3,0.69,0.84,normal
20,TCP,telnet,SF,1979,1585,0,1,3,36,0.22,0.79,r2l
1,TCP,smtp,REJ,1200,2086,0,1,2,0,0.14,0.71,dos
15,TCP,http,SF,970,1473,0,0,3,12,0.44,0.62,normal
15,TCP,http,REJ,1533,1516,0,0,1,33,0.71,0.4,dos
20,ICMP,echo,SF,0,0,0,0,1,7,0.31,0.65,probe
20,UDP,dns,SF,797,344,0,0,1,35,0.65,0.94,normal
120,ICMP,echo,SF,0,0,0,1,0,17,0.32,0.46,probe
2,TCP,http,SF,1304,1669,0,0,1,9,0.12,0.65,normal
15,ICMP,echo,SF,0,0,0,2,2,32,0.25,0.85,probe
5,UDP,eco_i,SF,1146,702,0,2,1,40,0.51,0.54,normal
20,ICMP,echo,SF,0,0,0,2,3,15,0.38,0.73,probe
1,TCP,telnet,SF,1821,1230,0,0,0,4,0.29,0.61,r2l
0,TCP,smtp,SF,1241,1164,0,2,2,1,0.23,0.82,normal
30,TCP,telnet,S1,592,1789,0,0,2,8,0.25,0.9,r2l
0,UDP,eco_i,SF,674,1377,0,2,1,11,0.11,0.82,normal
120,TCP,http,SF,1395,1012,0,0,1,56,0.16,0.64,normal
5,UDP,dns,SF,1107,1045,0,3,3,0,0.47,0.89,normal
0,TCP,http,SF,1155,2081,0,3,0,21,0.28,0.74,normal
120,TCP,http,REJ,554,2484,0,0,1,25,0.08,0.82,dos
0,TCP,http,SF,1673,1191,0,1,1,17,0.3,0.71,normal
15,TCP,telnet,SF,753,2128,0,3,1,7,0.15,0.57,r2l
1,TCP,http,REJ,1145,2085,0,1,1,6,0.09,0.88,dos
0,TCP,ftp,SF,1265,1208,0,0,1,21,0.44,0.4,r2l
10,TCP,smtp,SF,441,1266,0,3,0,4,0.32,0.87,normal
10,TCP,smtp,SF,1505,1499,0,2,1,26,0.1,0.75,normal
60,TCP,http,REJ,827,1108,0,0,1,71,0.57,0.62,dos
5,ICMP,echo,SF,0,0,0,3,2,6,0.27,0.46,probe
0,TCP,http,SF,780,1973,0,3,1,11,0.48,0.44,normal
15,TCP,http,SF,874,1083,0,2,1,7,0.2,0.7,normal
120,TCP,ftp,SF,638,1501,0,2,0,22,0.65,0.62,r2l
0,TCP,ftp,SF,455,977,0,2,3,16,0.1,0.93,r2l
0,TCP,http,SF,1683,1546,0,2,2,1,0.15,0.93,normal
15,TCP,http,SF,272,1995,0,2,2,12,0.33,0.6,normal
60,TCP,smtp,SF,893,1385,0,2,3,14,0.03,0.71,normal
0,TCP,http,SF,707,2762,0,0,0,1,0.36,0.92,normal
20,UDP,ntp_u,SF,1692,1243,0,2,0,62,0.11,0.65,normal
2,TCP,smtp,REJ,325,1651,0,3,3,29,0.44,0.69,dos
120,TCP,ftp,REJ,633,938,0,3,1,42,0.08,0.76,dos
0,ICMP,echo,SF,0,0,0,2,0,30,0.41,0.86,probe
0,TCP,http,SF,837,1677,0,2,3,25,0.27,0.49,normal
5,TCP,smtp,SF,1512,878,0,3,3,11,0.39,0.81,normal
60,TCP,ftp,SF,2364,1431,0,1,2,25,0.15,0.64,r2l
5,ICMP,echo,SF,0,0,0,1,2,14,0.33,0.92,probe
5,UDP,eco_i,SF,958,1727,0,3,3,80,0.05,0.53,normal
60,TCP,http,SF,1408,1121,0,3,3,38,0.22,0.46,normal
10,TCP,smtp,SF,83,1384,0,2,2,11,0.23,0.86,normal
15,TCP,http,REJ,774,1928,0,3,0,44,0.43,0.65,dos
120,UDP,ntp_u,SF,653,973,0,2,1,18,0.26,0.92,normal
60,UDP,ntp_u,SF,1165,341,0,2,0,9,0.4,0.67,normal
20,ICMP,echo,SF,0,0,0,1,2,9,0.22,0.83,probe
5,TCP,http,SF,1183,1282,0,1,3,28,0.33,0.57,normal
20,TCP,http,REJ,1149,671,0,1,2,11,0.14,0.88,dos
10,TCP,smtp,SF,864,1979,0,3,1,7,0.59,0.87,normal
1,TCP,http,SF,1596,1553,0,2,0,13,0.58,0.89,normal
15,TCP,smtp,SF,654,901,0,0,3,1,0.24,0.58,normal
10,TCP,smtp,SF,1056,1611,0,0,0,24,0.52,0.26,normal
20,TCP,smtp,SF,1362,1841,0,0,1,81,0.24,0.66,normal
1,TCP,telnet,SF,1056,1222,0,2,0,31,0.35,0.81,r2l
15,TCP,ftp,SF,2136,1278,0,0,0,19,0.47,0.84,r2l
30,TCP,http,S1,1319,1248,0,3,2,19,0.36,0.85,normal
10,TCP,http,SF,833,1574,0,1,3,25,0.4,0.84,normal
1,TCP,smtp,REJ,1208,1796,0,2,1,2,0.57,0.6,dos
10,TCP,http,REJ,1302,1858,0,2,0,1,0.04,0.62,dos
20,TCP,http,SF,0,2145,0,2,2,42,0.5,0.34,normal
15,UDP,dns,SF,954,1213,0,2,0,18,0.26,0.42,normal
1,ICMP,echo,SF,0,0,0,3,3,12,0.23,0.67,probe
5,UDP,dns,SF,876,961,0,1,0,48,0.25,0.69,normal
5,UDP,ntp_u,SF,1133,1103,0,3,2,8,0.14,0.55,normal
5,UDP,ntp_u,SF,746,960,0,0,1,36,0.29,0.87,normal
15,TCP,http,REJ,607,2320,0,0,2,21,0.32,0.95,dos
15,TCP,smtp,SF,1385,1338,0,0,3,7,0.27,0.47,normal
15,ICMP,echo,SF,0,0,0,3,1,20,0.13,0.91,probe
5,TCP,telnet,SF,1101,1664,0,1,3,16,0.51,0.95,r2l
10,ICMP,echo,SF,0,0,0,3,0,10,0.29,0.54,probe
1,ICMP,echo,SF,0,0,0,3,2,56,0.07,0.81,probe
2,TCP,smtp,REJ,1107,1409,0,3,3,11,0.12,0.97,dos
15,TCP,http,SF,1498,1674,0,0,0,10,0.18,0.78,normal
5,TCP,ftp,REJ,1391,1853,0,1,3,3,0.38,0.68,dos
60,ICMP,echo,SF,0,0,0,1,1,11,0.43,0.67,probe
1,TCP,http,SF,964,2117,0,0,3,11,0.52,0.89,normal
20,UDP,dns,SF,1172,873,0,0,1,18,0.34,0.83,normal
120,TCP,ftp,SF,1243,805,0,3,3,34,0.12,0.61,r2l
120,TCP,ftp,SF,373,1781,0,1,1,11,0.64,0.59,r2l
0,TCP,http,SF,686,1425,0,1,2,0,0.22,0.77,normal
2,ICMP,echo,SF,0,0,0,1,1,15,0.4,0.67,probe
0,TCP,telnet,SF,1150,998,0,0,1,4,0.14,0.6,r2l
20,ICMP,echo,SF,0,0,0,1,3,35,0.08,0.59,probe
15,UDP,eco_i,SF,851,1508,0,2,1,32,0.49,0.63,normal
30,TCP,http,SF,1353,1613,0,3,2,5,0.12,0.71,normal
30,ICMP,echo,SF,0,0,0,3,0,31,0.03,0.57,probe
2,ICMP,echo,SF,0,0,0,0,3,2,0.42,0.81,probe
15,TCP,http,SF,1096,1742,0,1,2,7,0.47,0.86,normal
2,TCP,http,REJ,954,475,0,1,3,0,0.4,0.86,dos
60,UDP,dns,SF,768,436,0,2,3,0,0.39,0.52,normal
30,TCP,http,SF,954,1910,0,1,1,1,0.23,0.64,normal
60,TCP,http,REJ,456,1814,0,2,2,36,0.03,0.48,dos
120,ICMP,echo,SF,0,0,0,2,1,21,0.63,0.73,probe
15,UDP,eco_i,SF,491,778,0,1,3,21,0.3,0.39,normal
120,ICMP,echo,SF,0,0,0,3,0,33,0.09,0.9,probe
5,UDP,eco_i,SF,507,0,0,2,3,6,0.09,0.76,normal
2,ICMP,echo,SF,0,0,0,2,1,16,0.43,0.68,probe
15,UDP,eco_i,SF,614,752,0,0,2,12,0.23,0.61,normal
